{
  "name": "dog",
  "level": 9,
  "xp": 10,
  "xp_to_next": 426,
  "fishing_skill": 9,
  "gold": 184,
  "inventory": [
    [
      "Void Swimmer",
      38.091645047896655,
      333
    ],
    [
      "Void Swimmer",
      49.60736438872535,
      434
    ],
    [
      "Dragon Fin",
      31.70386120718898,
      195
    ],
    [
      "Dragon Fin",
      37.286502531427566,
      229
    ],
    [
      "Void Swimmer",
      34.85301680616825,
      304
    ],
    [
      "Dragon Fin",
      33.40862461868345,
      205
    ],
    [
      "Dragon Fin",
      33.04422613337712,
      203
    ],
    [
      "Void Swimmer",
      42.07592512448973,
      368
    ],
    [
      "Dragon Fin",
      31.27822134486553,
      192
    ],
    [
      "Dragon Fin",
      25.7708265507209,
      158
    ],
    [
      "Dragon Fin",
      25.22375260143994,
      155
    ],
    [
      "Dragon Fin",
      33.74942914512491,
      207
    ],
    [
      "Dragon Fin",
      34.16648961002146,
      210
    ],
    [
      "Dragon Fin",
      37.126561470262715,
      228
    ],
    [
      "Dragon Fin",
      36.849063966025994,
      226
    ],
    [
      "Void Swimmer",
      44.99642001824607,
      393
    ],
    [
      "Dragon Fin",
      32.377832697563036,
      199
    ],
    [
      "Dragon Fin",
      32.36121943174374,
      199
    ],
    [
      "Dragon Fin",
      32.14190678069085,
      197
    ]
  ],
  "equipped_gear": {
    "rod": "Sturdy Rod",
    "reel": null,
    "bait": null
  }
}